{"cameraMode":{"drawMode":0,"name":"Shaded","section":"Shading Mode"},"sceneLighting":false,"audioPlay":false,"sceneViewState":{"m_AlwaysRefresh":false,"showFog":true,"showSkybox":false,"showFlares":true,"showImageEffects":true,"showParticleSystems":true,"showVisualEffectGraphs":true,"m_FxEnabled":true},"in2DMode":false,"pivot":{"x":-7.9685444831848148,"y":2.2094011306762697,"z":-5.157933235168457},"rotation":{"x":0.05501996725797653,"y":-0.9365600943565369,"z":0.17129510641098023,"w":0.3008287250995636},"size":0.8660253882408142,"orthographic":false}