{"cameraMode":{"drawMode":0,"name":"Shaded","section":"Shading Mode"},"sceneLighting":false,"audioPlay":false,"sceneViewState":{"m_AlwaysRefresh":false,"showFog":true,"showSkybox":true,"showFlares":true,"showImageEffects":true,"showParticleSystems":true,"showVisualEffectGraphs":true,"m_FxEnabled":true},"in2DMode":false,"pivot":{"x":15.151898384094239,"y":10.602543830871582,"z":-9.640707015991211},"rotation":{"x":0.11013045161962509,"y":-0.6211901307106018,"z":0.08872762322425842,"w":0.7708219885826111},"size":0.8660253882408142,"orthographic":false}