{"cameraMode":{"drawMode":0,"name":"Shaded","section":"Shading Mode"},"sceneLighting":false,"audioPlay":false,"sceneViewState":{"m_AlwaysRefresh":false,"showFog":true,"showSkybox":true,"showFlares":true,"showImageEffects":true,"showParticleSystems":true,"showVisualEffectGraphs":true,"m_FxEnabled":true},"in2DMode":false,"pivot":{"x":-0.9325605630874634,"y":20.925363540649415,"z":-4.272836685180664},"rotation":{"x":0.07994799315929413,"y":-0.9164796471595764,"z":0.31637173891067507,"w":0.23155423998832704},"size":0.8660253882408142,"orthographic":false}