{"cameraMode":{"drawMode":0,"name":"Shaded","section":"Shading Mode"},"sceneLighting":false,"audioPlay":false,"sceneViewState":{"m_AlwaysRefresh":false,"showFog":true,"showSkybox":true,"showFlares":true,"showImageEffects":true,"showParticleSystems":true,"showVisualEffectGraphs":true,"m_FxEnabled":true},"in2DMode":false,"pivot":{"x":6.3785624504089359,"y":5.356072425842285,"z":19.1832218170166},"rotation":{"x":0.008830301463603974,"y":0.9676530361175537,"z":0.03396854177117348,"w":-0.25006043910980227},"size":0.8660253882408142,"orthographic":false}