{"cameraMode":{"drawMode":0,"name":"Shaded","section":"Shading Mode"},"sceneLighting":false,"audioPlay":false,"sceneViewState":{"m_AlwaysRefresh":false,"showFog":true,"showSkybox":false,"showFlares":true,"showImageEffects":true,"showParticleSystems":true,"showVisualEffectGraphs":true,"m_FxEnabled":true},"in2DMode":false,"pivot":{"x":0.5904768109321594,"y":-0.24439240992069245,"z":-0.5385265350341797},"rotation":{"x":0.06913197040557862,"y":0.7962544560432434,"z":-0.0927032008767128,"w":0.5938329696655273},"size":0.8660253882408142,"orthographic":false}